prim_db	prim_id	prim_alt	prim_cons	sec_db	sec_id	sec_alt	sec_cons	trim_left	trim_right	red_db	red_id	red_alt	E-value	gap	orient	count	total	adj_p-value	p-value
dreme.xml	KCCCAGS	DREME-5	KCCCAGS	dreme.xml	CTGTR	DREME-8	CTGTG	0	0	.	.	.	7.69e-06	1	0	17	1373	6.50e-11	5.85e-10
dreme.xml	KCCCAGS	DREME-5	KCCCAGS	dreme.xml	CTGTR	DREME-8	CTGTG	0	0	.	.	.	7.69e-06	1	4	23	1373	1.25e-10	1.12e-09
dreme.xml	KCCCAGS	DREME-5	KCCCAGS	dreme.xml	CTGTR	DREME-8	CTGTG	0	0	.	.	.	7.69e-06	1	5	20	1373	1.37e-08	1.23e-07
dreme.xml	KCCCAGS	DREME-5	KCCCAGS	dreme.xml	CTGTR	DREME-8	CTGTG	0	0	.	.	.	7.69e-06	1	8	28	1373	6.98e-08	6.28e-07
dreme.xml	KCCCAGS	DREME-5	KCCCAGS	dreme.xml	KCCCAGS	DREME-5	KCCCAGS	0	0	.	.	.	4.00e-01	128	6	10	553	3.50e-06	3.15e-05
dreme.xml	KCCCAGS	DREME-5	KCCCAGS	dreme.xml	AAAYAMA	DREME-7	AAAYAMA	0	0	.	.	.	2.50e+00	114	6	5	154	3.15e-02	2.50e-01
dreme.xml	KCCCAGS	DREME-5	KCCCAGS	dreme.xml	CCACMTC	DREME-10	CCACCTC	0	0	.	.	.	3.12e+00	13	3	4	178	4.07e-02	3.12e-01
dreme.xml	KCCCAGS	DREME-5	KCCCAGS	dreme.xml	ATAAA	DREME-9	ATAAA	0	0	.	.	.	3.30e+00	50	8	8	242	4.36e-02	3.30e-01
dreme.xml	KCCCAGS	DREME-5	KCCCAGS	dreme.xml	CCYGCCY	DREME-4	CCYGCCY	0	0	.	.	.	3.35e+00	14	5	10	735	4.43e-02	3.35e-01
dreme.xml	KCCCAGS	DREME-5	KCCCAGS	dreme.xml	TGASTAA	DREME-6	TGASTAA	0	0	.	.	.	3.85e+00	59	4	3	40	5.27e-02	3.85e-01
dreme.xml	KCCCAGS	DREME-5	KCCCAGS	dreme.xml	RTGABTCA	DREME-1	RTGABTCA	0	0	.	.	.	4.88e+00	9	4	4	104	7.17e-02	4.88e-01
dreme.xml	KCCCAGS	DREME-5	KCCCAGS	dreme.xml	CACGB	DREME-3	CACGB	0	0	.	.	.	6.12e+00	17	1	7	841	9.99e-02	6.12e-01
dreme.xml	KCCCAGS	DREME-5	KCCCAGS	dreme.xml	RGRAA	DREME-2	RGRAA	0	0	.	.	.	9.74e+00	102	8	30	2492	3.35e-01	9.74e-01

# SpaMo (Spaced Motif Analysis Tool): Version 5.0.1 compiled on Aug  7 2018 at 21:56:31
# The format of this file is described at http://meme-suite.org/doc/spamo-output-format.html.
# spamo -verbosity 1 -oc meme_chip_pc1.soft.stiff.highest.2/spamo_out_5 -bgfile meme_chip_pc1.soft.stiff.highest.2/background -keepprimary -primary KCCCAGS meme_chip_pc1.soft.stiff.highest.2/pc1.soft.stiff.highest.2.fa meme_chip_pc1.soft.stiff.highest.2/dreme_out/dreme.xml meme_chip_pc1.soft.stiff.highest.2/dreme_out/dreme.xml
